solution_id,stock_code,industry,factor_score
0,2384,C39计算机、通信和其他电子设备制造业,1.0210268167017822
0,2709,C39计算机、通信和其他电子设备制造业,0.0302498138581888
0,300274,C38电气机械和器材制造业,0.0569830237279337
0,300308,C39计算机、通信和其他电子设备制造业,1.0946150242108226
0,600089,C38电气机械和器材制造业,0.0961793056367323
0,600183,C39计算机、通信和其他电子设备制造业,1.0946150242108226
0,600426,C26化学原料和化学制品制造业,0.0267106070731643
0,600489,B09有色金属矿采选业,0.0279271849738293
0,600547,B09有色金属矿采选业,0.005547905645881
0,601698,I63电信、广播电视和卫星传输服务,0.01805289382789
0,601872,G55水上运输业,1.0946150242108226
0,601888,L72商务服务业,0.0065074608182295
0,603799,C32有色金属冶炼和压延加工业,0.1470816931483099
0,603993,B09有色金属矿采选业,0.017332826482709
0,605117,C38电气机械和器材制造业,0.007562538746494
0,688082,C35专用设备制造业,0.0429665378551627
0,792,C26化学原料和化学制品制造业,0.0048843597652502
0,975,B09有色金属矿采选业,0.1110131810855507
0,977,C39计算机、通信和其他电子设备制造业,0.1313046935874331
1,2384,C39计算机、通信和其他电子设备制造业,1.0210268167017822
1,2709,C39计算机、通信和其他电子设备制造业,0.0302498138581888
1,300274,C38电气机械和器材制造业,0.0569830237279337
1,300308,C39计算机、通信和其他电子设备制造业,1.0946150242108226
1,600089,C38电气机械和器材制造业,0.0961793056367323
1,600183,C39计算机、通信和其他电子设备制造业,1.0946150242108226
1,601872,G55水上运输业,1.0946150242108226
1,603799,C32有色金属冶炼和压延加工业,0.1470816931483099
1,688082,C35专用设备制造业,0.0429665378551627
1,975,B09有色金属矿采选业,0.1110131810855507
2,2384,C39计算机、通信和其他电子设备制造业,1.0210268167017822
2,300308,C39计算机、通信和其他电子设备制造业,1.0946150242108226
2,300759,M73研究和试验发展,0.0025770459669824
2,600089,C38电气机械和器材制造业,0.0961793056367323
2,600183,C39计算机、通信和其他电子设备制造业,1.0946150242108226
2,601868,E48土木工程建筑业,0.0026065263391855
2,601872,G55水上运输业,1.0946150242108226
2,603799,C32有色金属冶炼和压延加工业,0.1470816931483099
2,975,B09有色金属矿采选业,0.1110131810855507
2,977,C39计算机、通信和其他电子设备制造业,0.1313046935874331
3,2384,C39计算机、通信和其他电子设备制造业,1.0210268167017822
3,2594,C36汽车制造业,0.002729104674505
3,2920,C39计算机、通信和其他电子设备制造业,0.0035875831574383
3,300015,Q84卫生,0.0026534099386199
3,300308,C39计算机、通信和其他电子设备制造业,1.0946150242108226
3,301,C26化学原料和化学制品制造业,0.0026532942617612
3,338,C36汽车制造业,0.0026478385316346
3,600029,G56航空运输业,0.0028342652095002
3,600089,C38电气机械和器材制造业,0.0961793056367323
3,600183,C39计算机、通信和其他电子设备制造业,1.0946150242108226
3,600426,C26化学原料和化学制品制造业,0.0267106070731643
3,600570,I65软件和信息技术服务业,0.0028555819492672
3,601066,J67资本市场服务,0.0034509541433871
3,601100,C34通用设备制造业,0.0027616736191773
3,601166,J66货币金融服务,0.0026270518698685
3,601601,J68保险业,0.0028965958612127
3,601698,I63电信、广播电视和卫星传输服务,0.01805289382789
3,601872,G55水上运输业,1.0946150242108226
3,601888,L72商务服务业,0.0065074608182295
3,603369,C15酒、饮料和精制茶制造业,0.002643763006555
3,603501,C39计算机、通信和其他电子设备制造业,0.0029912648341336
3,603799,C32有色金属冶炼和压延加工业,0.1470816931483099
3,603993,B09有色金属矿采选业,0.017332826482709
3,605117,C38电气机械和器材制造业,0.007562538746494
3,688082,C35专用设备制造业,0.0429665378551627
3,688169,C39计算机、通信和其他电子设备制造业,0.00384515187064
3,688187,C37铁路、船舶、航空航天和其他运输设备制造业,0.0028625161308551
3,975,B09有色金属矿采选业,0.1110131810855507
3,977,C39计算机、通信和其他电子设备制造业,0.1313046935874331
4,2,K70房地产业,0.002686629197084
4,2384,C39计算机、通信和其他电子设备制造业,1.0210268167017822
4,2594,C36汽车制造业,0.002729104674505
4,2709,C39计算机、通信和其他电子设备制造业,0.0302498138581888
4,2920,C39计算机、通信和其他电子设备制造业,0.0035875831574383
4,300251,R87广播、电视、电影和录音制作业,0.0037059945138013
4,300274,C38电气机械和器材制造业,0.0569830237279337
4,300308,C39计算机、通信和其他电子设备制造业,1.0946150242108226
4,301,C26化学原料和化学制品制造业,0.0026532942617612
4,600029,G56航空运输业,0.0028342652095002
4,600089,C38电气机械和器材制造业,0.0961793056367323
4,600183,C39计算机、通信和其他电子设备制造业,1.0946150242108226
4,600426,C26化学原料和化学制品制造业,0.0267106070731643
4,600570,I65软件和信息技术服务业,0.0028555819492672
4,601066,J67资本市场服务,0.0034509541433871
4,601100,C34通用设备制造业,0.0027616736191773
4,601601,J68保险业,0.0028965958612127
4,601698,I63电信、广播电视和卫星传输服务,0.01805289382789
4,601872,G55水上运输业,1.0946150242108226
4,601888,L72商务服务业,0.0065074608182295
4,603799,C32有色金属冶炼和压延加工业,0.1470816931483099
4,603993,B09有色金属矿采选业,0.017332826482709
4,688082,C35专用设备制造业,0.0429665378551627
4,688169,C39计算机、通信和其他电子设备制造业,0.00384515187064
4,688187,C37铁路、船舶、航空航天和其他运输设备制造业,0.0028625161308551
4,792,C26化学原料和化学制品制造业,0.0048843597652502
4,975,B09有色金属矿采选业,0.1110131810855507
4,977,C39计算机、通信和其他电子设备制造业,0.1313046935874331
5,2352,G60邮政业,0.0026348237557344
5,2371,C35专用设备制造业,0.0026160969408326
5,2594,C36汽车制造业,0.002729104674505
5,300015,Q84卫生,0.0026534099386199
5,300122,C27医药制造业,0.0026392855132064
5,300308,C39计算机、通信和其他电子设备制造业,1.0946150242108226
5,300661,C39计算机、通信和其他电子设备制造业,0.0026126049848803
5,301,C26化学原料和化学制品制造业,0.0026532942617612
5,338,C36汽车制造业,0.0026478385316346
5,425,C35专用设备制造业,0.0026127638702707
5,600029,G56航空运输业,0.0028342652095002
5,600183,C39计算机、通信和其他电子设备制造业,1.0946150242108226
5,600426,C26化学原料和化学制品制造业,0.0267106070731643
5,600570,I65软件和信息技术服务业,0.0028555819492672
5,601058,C29橡胶和塑料制品业,0.0026016322665322
5,601066,J67资本市场服务,0.0034509541433871
5,601100,C34通用设备制造业,0.0027616736191773
5,601166,J66货币金融服务,0.0026270518698685
5,601601,J68保险业,0.0028965958612127
5,601698,I63电信、广播电视和卫星传输服务,0.01805289382789
5,601868,E48土木工程建筑业,0.0026065263391855
5,601888,L72商务服务业,0.0065074608182295
5,601916,J66货币金融服务,0.0025906054731145
5,603799,C32有色金属冶炼和压延加工业,0.1470816931483099
5,603993,B09有色金属矿采选业,0.017332826482709
5,605117,C38电气机械和器材制造业,0.007562538746494
5,688082,C35专用设备制造业,0.0429665378551627
5,688187,C37铁路、船舶、航空航天和其他运输设备制造业,0.0028625161308551
5,876,C13农副食品加工业,0.002634572086134
5,975,B09有色金属矿采选业,0.1110131810855507
6,2,K70房地产业,0.002686629197084
6,2384,C39计算机、通信和其他电子设备制造业,1.0210268167017822
6,2475,C39计算机、通信和其他电子设备制造业,0.0190526405910756
6,2594,C36汽车制造业,0.002729104674505
6,300308,C39计算机、通信和其他电子设备制造业,1.0946150242108226
6,301,C26化学原料和化学制品制造业,0.0026532942617612
6,600029,G56航空运输业,0.0028342652095002
6,600050,I63电信、广播电视和卫星传输服务,0.0026854527782193
6,600183,C39计算机、通信和其他电子设备制造业,1.0946150242108226
6,600426,C26化学原料和化学制品制造业,0.0267106070731643
6,600489,B09有色金属矿采选业,0.0279271849738293
6,600547,B09有色金属矿采选业,0.005547905645881
6,600570,I65软件和信息技术服务业,0.0028555819492672
6,601066,J67资本市场服务,0.0034509541433871
6,601100,C34通用设备制造业,0.0027616736191773
6,601166,J66货币金融服务,0.0026270518698685
6,601601,J68保险业,0.0028965958612127
6,601698,I63电信、广播电视和卫星传输服务,0.01805289382789
6,601872,G55水上运输业,1.0946150242108226
6,601888,L72商务服务业,0.0065074608182295
6,603501,C39计算机、通信和其他电子设备制造业,0.0029912648341336
6,603799,C32有色金属冶炼和压延加工业,0.1470816931483099
6,603993,B09有色金属矿采选业,0.017332826482709
6,605117,C38电气机械和器材制造业,0.007562538746494
6,688082,C35专用设备制造业,0.0429665378551627
6,688169,C39计算机、通信和其他电子设备制造业,0.00384515187064
6,975,B09有色金属矿采选业,0.1110131810855507
6,977,C39计算机、通信和其他电子设备制造业,0.1313046935874331
7,2352,G60邮政业,0.0026348237557344
7,2384,C39计算机、通信和其他电子设备制造业,1.0210268167017822
7,2594,C36汽车制造业,0.002729104674505
7,2920,C39计算机、通信和其他电子设备制造业,0.0035875831574383
7,300015,Q84卫生,0.0026534099386199
7,300308,C39计算机、通信和其他电子设备制造业,1.0946150242108226
7,301,C26化学原料和化学制品制造业,0.0026532942617612
7,600011,D44电力、热力生产和供应业,0.0025773681591846
7,600029,G56航空运输业,0.0028342652095002
7,600183,C39计算机、通信和其他电子设备制造业,1.0946150242108226
7,600426,C26化学原料和化学制品制造业,0.0267106070731643
7,600489,B09有色金属矿采选业,0.0279271849738293
7,600570,I65软件和信息技术服务业,0.0028555819492672
7,600905,D44电力、热力生产和供应业,0.0025581694972939
7,601066,J67资本市场服务,0.0034509541433871
7,601100,C34通用设备制造业,0.0027616736191773
7,601601,J68保险业,0.0028965958612127
7,601668,E48土木工程建筑业,0.0025700926171941
7,601698,I63电信、广播电视和卫星传输服务,0.01805289382789
7,601872,G55水上运输业,1.0946150242108226
7,601888,L72商务服务业,0.0065074608182295
7,603799,C32有色金属冶炼和压延加工业,0.1470816931483099
7,603993,B09有色金属矿采选业,0.017332826482709
7,605117,C38电气机械和器材制造业,0.007562538746494
7,688082,C35专用设备制造业,0.0429665378551627
7,688169,C39计算机、通信和其他电子设备制造业,0.00384515187064
7,688187,C37铁路、船舶、航空航天和其他运输设备制造业,0.0028625161308551
7,688223,C38电气机械和器材制造业,0.0027148325928057
7,975,B09有色金属矿采选业,0.1110131810855507
7,977,C39计算机、通信和其他电子设备制造业,0.1313046935874331
8,2352,G60邮政业,0.0026348237557344
8,2384,C39计算机、通信和其他电子设备制造业,1.0210268167017822
8,2594,C36汽车制造业,0.002729104674505
8,2920,C39计算机、通信和其他电子设备制造业,0.0035875831574383
8,300015,Q84卫生,0.0026534099386199
8,300308,C39计算机、通信和其他电子设备制造业,1.0946150242108226
8,301,C26化学原料和化学制品制造业,0.0026532942617612
8,600029,G56航空运输业,0.0028342652095002
8,600050,I63电信、广播电视和卫星传输服务,0.0026854527782193
8,600183,C39计算机、通信和其他电子设备制造业,1.0946150242108226
8,600426,C26化学原料和化学制品制造业,0.0267106070731643
8,600570,I65软件和信息技术服务业,0.0028555819492672
8,601066,J67资本市场服务,0.0034509541433871
8,601100,C34通用设备制造业,0.0027616736191773
8,601328,J66货币金融服务,0.0025486690077909
8,601601,J68保险业,0.0028965958612127
8,601668,E48土木工程建筑业,0.0025700926171941
8,601698,I63电信、广播电视和卫星传输服务,0.01805289382789
8,601872,G55水上运输业,1.0946150242108226
8,601888,L72商务服务业,0.0065074608182295
8,601899,B09有色金属矿采选业,0.0027867168209052
8,603501,C39计算机、通信和其他电子设备制造业,0.0029912648341336
8,603799,C32有色金属冶炼和压延加工业,0.1470816931483099
8,603993,B09有色金属矿采选业,0.017332826482709
8,605117,C38电气机械和器材制造业,0.007562538746494
8,688082,C35专用设备制造业,0.0429665378551627
8,688169,C39计算机、通信和其他电子设备制造业,0.00384515187064
8,688187,C37铁路、船舶、航空航天和其他运输设备制造业,0.0028625161308551
8,975,B09有色金属矿采选业,0.1110131810855507
8,977,C39计算机、通信和其他电子设备制造业,0.1313046935874331
9,2384,C39计算机、通信和其他电子设备制造业,1.0210268167017822
9,2594,C36汽车制造业,0.002729104674505
9,2920,C39计算机、通信和其他电子设备制造业,0.0035875831574383
9,300308,C39计算机、通信和其他电子设备制造业,1.0946150242108226
9,300316,C35专用设备制造业,0.0027697126532158
9,301,C26化学原料和化学制品制造业,0.0026532942617612
9,600029,G56航空运输业,0.0028342652095002
9,600183,C39计算机、通信和其他电子设备制造业,1.0946150242108226
9,600426,C26化学原料和化学制品制造业,0.0267106070731643
9,600522,C38电气机械和器材制造业,0.0028790179723032
9,600547,B09有色金属矿采选业,0.005547905645881
9,600570,I65软件和信息技术服务业,0.0028555819492672
9,601066,J67资本市场服务,0.0034509541433871
9,601100,C34通用设备制造业,0.0027616736191773
9,601601,J68保险业,0.0028965958612127
9,601698,I63电信、广播电视和卫星传输服务,0.01805289382789
9,601872,G55水上运输业,1.0946150242108226
9,601881,J67资本市场服务,0.0026744232192687
9,601888,L72商务服务业,0.0065074608182295
9,603501,C39计算机、通信和其他电子设备制造业,0.0029912648341336
9,603799,C32有色金属冶炼和压延加工业,0.1470816931483099
9,603993,B09有色金属矿采选业,0.017332826482709
9,605117,C38电气机械和器材制造业,0.007562538746494
9,688082,C35专用设备制造业,0.0429665378551627
9,688169,C39计算机、通信和其他电子设备制造业,0.00384515187064
9,688187,C37铁路、船舶、航空航天和其他运输设备制造业,0.0028625161308551
9,792,C26化学原料和化学制品制造业,0.0048843597652502
9,975,B09有色金属矿采选业,0.1110131810855507
9,977,C39计算机、通信和其他电子设备制造业,0.1313046935874331
10,2352,G60邮政业,0.0026348237557344
10,2384,C39计算机、通信和其他电子设备制造业,1.0210268167017822
10,2594,C36汽车制造业,0.002729104674505
10,2709,C39计算机、通信和其他电子设备制造业,0.0302498138581888
10,2920,C39计算机、通信和其他电子设备制造业,0.0035875831574383
10,300015,Q84卫生,0.0026534099386199
10,300308,C39计算机、通信和其他电子设备制造业,1.0946150242108226
10,301,C26化学原料和化学制品制造业,0.0026532942617612
10,600029,G56航空运输业,0.0028342652095002
10,600183,C39计算机、通信和其他电子设备制造业,1.0946150242108226
10,600426,C26化学原料和化学制品制造业,0.0267106070731643
10,600570,I65软件和信息技术服务业,0.0028555819492672
10,601066,J67资本市场服务,0.0034509541433871
10,601100,C34通用设备制造业,0.0027616736191773
10,601601,J68保险业,0.0028965958612127
10,601698,I63电信、广播电视和卫星传输服务,0.01805289382789
10,601872,G55水上运输业,1.0946150242108226
10,601888,L72商务服务业,0.0065074608182295
10,601899,B09有色金属矿采选业,0.0027867168209052
10,603799,C32有色金属冶炼和压延加工业,0.1470816931483099
10,603993,B09有色金属矿采选业,0.017332826482709
10,605117,C38电气机械和器材制造业,0.007562538746494
10,688082,C35专用设备制造业,0.0429665378551627
10,688169,C39计算机、通信和其他电子设备制造业,0.00384515187064
10,688187,C37铁路、船舶、航空航天和其他运输设备制造业,0.0028625161308551
10,792,C26化学原料和化学制品制造业,0.0048843597652502
10,975,B09有色金属矿采选业,0.1110131810855507
10,977,C39计算机、通信和其他电子设备制造业,0.1313046935874331
11,2384,C39计算机、通信和其他电子设备制造业,1.0210268167017822
11,2594,C36汽车制造业,0.002729104674505
11,2920,C39计算机、通信和其他电子设备制造业,0.0035875831574383
11,300015,Q84卫生,0.0026534099386199
11,300308,C39计算机、通信和其他电子设备制造业,1.0946150242108226
11,301,C26化学原料和化学制品制造业,0.0026532942617612
11,425,C35专用设备制造业,0.0026127638702707
11,600029,G56航空运输业,0.0028342652095002
11,600183,C39计算机、通信和其他电子设备制造业,1.0946150242108226
11,600426,C26化学原料和化学制品制造业,0.0267106070731643
11,600570,I65软件和信息技术服务业,0.0028555819492672
11,601066,J67资本市场服务,0.0034509541433871
11,601100,C34通用设备制造业,0.0027616736191773
11,601166,J66货币金融服务,0.0026270518698685
11,601601,J68保险业,0.0028965958612127
11,601698,I63电信、广播电视和卫星传输服务,0.01805289382789
11,601872,G55水上运输业,1.0946150242108226
11,601881,J67资本市场服务,0.0026744232192687
11,601888,L72商务服务业,0.0065074608182295
11,601995,J67资本市场服务,0.0026174072038186
11,603501,C39计算机、通信和其他电子设备制造业,0.0029912648341336
11,603799,C32有色金属冶炼和压延加工业,0.1470816931483099
11,603993,B09有色金属矿采选业,0.017332826482709
11,605117,C38电气机械和器材制造业,0.007562538746494
11,688082,C35专用设备制造业,0.0429665378551627
11,688169,C39计算机、通信和其他电子设备制造业,0.00384515187064
11,688187,C37铁路、船舶、航空航天和其他运输设备制造业,0.0028625161308551
11,963,F52零售业,0.0026039623509512
11,975,B09有色金属矿采选业,0.1110131810855507
11,977,C39计算机、通信和其他电子设备制造业,0.1313046935874331
12,157,C35专用设备制造业,0.0026035467997156
12,2384,C39计算机、通信和其他电子设备制造业,1.0210268167017822
12,2594,C36汽车制造业,0.002729104674505
12,300015,Q84卫生,0.0026534099386199
12,300308,C39计算机、通信和其他电子设备制造业,1.0946150242108226
12,301,C26化学原料和化学制品制造业,0.0026532942617612
12,600029,G56航空运输业,0.0028342652095002
12,600183,C39计算机、通信和其他电子设备制造业,1.0946150242108226
12,600426,C26化学原料和化学制品制造业,0.0267106070731643
12,600436,C27医药制造业,0.0025861857903744
12,600570,I65软件和信息技术服务业,0.0028555819492672
12,601058,C29橡胶和塑料制品业,0.0026016322665322
12,601066,J67资本市场服务,0.0034509541433871
12,601100,C34通用设备制造业,0.0027616736191773
12,601601,J68保险业,0.0028965958612127
12,601698,I63电信、广播电视和卫星传输服务,0.01805289382789
12,601872,G55水上运输业,1.0946150242108226
12,601888,L72商务服务业,0.0065074608182295
12,601899,B09有色金属矿采选业,0.0027867168209052
12,601916,J66货币金融服务,0.0025906054731145
12,601995,J67资本市场服务,0.0026174072038186
12,603195,C38电气机械和器材制造业,0.0026060922782301
12,603369,C15酒、饮料和精制茶制造业,0.002643763006555
12,603799,C32有色金属冶炼和压延加工业,0.1470816931483099
12,603993,B09有色金属矿采选业,0.017332826482709
12,605117,C38电气机械和器材制造业,0.007562538746494
12,688082,C35专用设备制造业,0.0429665378551627
12,688187,C37铁路、船舶、航空航天和其他运输设备制造业,0.0028625161308551
12,688223,C38电气机械和器材制造业,0.0027148325928057
12,975,B09有色金属矿采选业,0.1110131810855507
13,2384,C39计算机、通信和其他电子设备制造业,1.0210268167017822
13,300308,C39计算机、通信和其他电子设备制造业,1.0946150242108226
13,301,C26化学原料和化学制品制造业,0.0026532942617612
13,338,C36汽车制造业,0.0026478385316346
13,425,C35专用设备制造业,0.0026127638702707
13,600029,G56航空运输业,0.0028342652095002
13,600089,C38电气机械和器材制造业,0.0961793056367323
13,600183,C39计算机、通信和其他电子设备制造业,1.0946150242108226
13,600426,C26化学原料和化学制品制造业,0.0267106070731643
13,600570,I65软件和信息技术服务业,0.0028555819492672
13,600585,C30非金属矿物制品业,0.0025920254975059
13,601066,J67资本市场服务,0.0034509541433871
13,601100,C34通用设备制造业,0.0027616736191773
13,601166,J66货币金融服务,0.0026270518698685
13,601601,J68保险业,0.0028965958612127
13,601698,I63电信、广播电视和卫星传输服务,0.01805289382789
13,601825,J66货币金融服务,0.0025637410557747
13,601872,G55水上运输业,1.0946150242108226
13,601888,L72商务服务业,0.0065074608182295
13,601901,J67资本市场服务,0.0025810693968054
13,603369,C15酒、饮料和精制茶制造业,0.002643763006555
13,603799,C32有色金属冶炼和压延加工业,0.1470816931483099
13,603993,B09有色金属矿采选业,0.017332826482709
13,605117,C38电气机械和器材制造业,0.007562538746494
13,688082,C35专用设备制造业,0.0429665378551627
13,688169,C39计算机、通信和其他电子设备制造业,0.00384515187064
13,688187,C37铁路、船舶、航空航天和其他运输设备制造业,0.0028625161308551
13,876,C13农副食品加工业,0.002634572086134
13,975,B09有色金属矿采选业,0.1110131810855507
13,977,C39计算机、通信和其他电子设备制造业,0.1313046935874331
14,2384,C39计算机、通信和其他电子设备制造业,1.0210268167017822
14,2594,C36汽车制造业,0.002729104674505
14,2709,C39计算机、通信和其他电子设备制造业,0.0302498138581888
14,2920,C39计算机、通信和其他电子设备制造业,0.0035875831574383
14,300015,Q84卫生,0.0026534099386199
14,300308,C39计算机、通信和其他电子设备制造业,1.0946150242108226
14,301,C26化学原料和化学制品制造业,0.0026532942617612
14,600029,G56航空运输业,0.0028342652095002
14,600089,C38电气机械和器材制造业,0.0961793056367323
14,600183,C39计算机、通信和其他电子设备制造业,1.0946150242108226
14,600426,C26化学原料和化学制品制造业,0.0267106070731643
14,600489,B09有色金属矿采选业,0.0279271849738293
14,600570,I65软件和信息技术服务业,0.0028555819492672
14,601066,J67资本市场服务,0.0034509541433871
14,601100,C34通用设备制造业,0.0027616736191773
14,601601,J68保险业,0.0028965958612127
14,601698,I63电信、广播电视和卫星传输服务,0.01805289382789
14,601872,G55水上运输业,1.0946150242108226
14,601888,L72商务服务业,0.0065074608182295
14,603260,C26化学原料和化学制品制造业,0.0031466675413248
14,603799,C32有色金属冶炼和压延加工业,0.1470816931483099
14,603993,B09有色金属矿采选业,0.017332826482709
14,605117,C38电气机械和器材制造业,0.007562538746494
14,688082,C35专用设备制造业,0.0429665378551627
14,688169,C39计算机、通信和其他电子设备制造业,0.00384515187064
14,688187,C37铁路、船舶、航空航天和其他运输设备制造业,0.0028625161308551
14,975,B09有色金属矿采选业,0.1110131810855507
14,977,C39计算机、通信和其他电子设备制造业,0.1313046935874331
15,2352,G60邮政业,0.0026348237557344
15,2594,C36汽车制造业,0.002729104674505
15,2920,C39计算机、通信和其他电子设备制造业,0.0035875831574383
15,300308,C39计算机、通信和其他电子设备制造业,1.0946150242108226
15,300316,C35专用设备制造业,0.0027697126532158
15,301,C26化学原料和化学制品制造业,0.0026532942617612
15,600029,G56航空运输业,0.0028342652095002
15,600183,C39计算机、通信和其他电子设备制造业,1.0946150242108226
15,600426,C26化学原料和化学制品制造业,0.0267106070731643
15,600489,B09有色金属矿采选业,0.0279271849738293
15,600522,C38电气机械和器材制造业,0.0028790179723032
15,600570,I65软件和信息技术服务业,0.0028555819492672
15,601066,J67资本市场服务,0.0034509541433871
15,601100,C34通用设备制造业,0.0027616736191773
15,601166,J66货币金融服务,0.0026270518698685
15,601601,J68保险业,0.0028965958612127
15,601698,I63电信、广播电视和卫星传输服务,0.01805289382789
15,601868,E48土木工程建筑业,0.0026065263391855
15,601872,G55水上运输业,1.0946150242108226
15,601881,J67资本市场服务,0.0026744232192687
15,601888,L72商务服务业,0.0065074608182295
15,601995,J67资本市场服务,0.0026174072038186
15,603799,C32有色金属冶炼和压延加工业,0.1470816931483099
15,603993,B09有色金属矿采选业,0.017332826482709
15,605117,C38电气机械和器材制造业,0.007562538746494
15,688082,C35专用设备制造业,0.0429665378551627
15,688169,C39计算机、通信和其他电子设备制造业,0.00384515187064
15,688187,C37铁路、船舶、航空航天和其他运输设备制造业,0.0028625161308551
15,975,B09有色金属矿采选业,0.1110131810855507
15,977,C39计算机、通信和其他电子设备制造业,0.1313046935874331
16,2384,C39计算机、通信和其他电子设备制造业,1.0210268167017822
16,2594,C36汽车制造业,0.002729104674505
16,2920,C39计算机、通信和其他电子设备制造业,0.0035875831574383
16,300015,Q84卫生,0.0026534099386199
16,300308,C39计算机、通信和其他电子设备制造业,1.0946150242108226
16,301,C26化学原料和化学制品制造业,0.0026532942617612
16,338,C36汽车制造业,0.0026478385316346
16,600029,G56航空运输业,0.0028342652095002
16,600183,C39计算机、通信和其他电子设备制造业,1.0946150242108226
16,600426,C26化学原料和化学制品制造业,0.0267106070731643
16,600489,B09有色金属矿采选业,0.0279271849738293
16,600522,C38电气机械和器材制造业,0.0028790179723032
16,600547,B09有色金属矿采选业,0.005547905645881
16,600570,I65软件和信息技术服务业,0.0028555819492672
16,601066,J67资本市场服务,0.0034509541433871
16,601100,C34通用设备制造业,0.0027616736191773
16,601166,J66货币金融服务,0.0026270518698685
16,601601,J68保险业,0.0028965958612127
16,601698,I63电信、广播电视和卫星传输服务,0.01805289382789
16,601888,L72商务服务业,0.0065074608182295
16,603501,C39计算机、通信和其他电子设备制造业,0.0029912648341336
16,603799,C32有色金属冶炼和压延加工业,0.1470816931483099
16,603993,B09有色金属矿采选业,0.017332826482709
16,605117,C38电气机械和器材制造业,0.007562538746494
16,688082,C35专用设备制造业,0.0429665378551627
16,688169,C39计算机、通信和其他电子设备制造业,0.00384515187064
16,688187,C37铁路、船舶、航空航天和其他运输设备制造业,0.0028625161308551
16,792,C26化学原料和化学制品制造业,0.0048843597652502
16,975,B09有色金属矿采选业,0.1110131810855507
16,977,C39计算机、通信和其他电子设备制造业,0.1313046935874331
17,2384,C39计算机、通信和其他电子设备制造业,1.0210268167017822
17,2475,C39计算机、通信和其他电子设备制造业,0.0190526405910756
17,2594,C36汽车制造业,0.002729104674505
17,2709,C39计算机、通信和其他电子设备制造业,0.0302498138581888
17,300124,C38电气机械和器材制造业,0.002653375437987
17,300308,C39计算机、通信和其他电子设备制造业,1.0946150242108226
17,301,C26化学原料和化学制品制造业,0.0026532942617612
17,338,C36汽车制造业,0.0026478385316346
17,600029,G56航空运输业,0.0028342652095002
17,600183,C39计算机、通信和其他电子设备制造业,1.0946150242108226
17,600426,C26化学原料和化学制品制造业,0.0267106070731643
17,600522,C38电气机械和器材制造业,0.0028790179723032
17,600570,I65软件和信息技术服务业,0.0028555819492672
17,601066,J67资本市场服务,0.0034509541433871
17,601100,C34通用设备制造业,0.0027616736191773
17,601601,J68保险业,0.0028965958612127
17,601698,I63电信、广播电视和卫星传输服务,0.01805289382789
17,601872,G55水上运输业,1.0946150242108226
17,601888,L72商务服务业,0.0065074608182295
17,603799,C32有色金属冶炼和压延加工业,0.1470816931483099
17,603993,B09有色金属矿采选业,0.017332826482709
17,605117,C38电气机械和器材制造业,0.007562538746494
17,688082,C35专用设备制造业,0.0429665378551627
17,688169,C39计算机、通信和其他电子设备制造业,0.00384515187064
17,688187,C37铁路、船舶、航空航天和其他运输设备制造业,0.0028625161308551
17,876,C13农副食品加工业,0.002634572086134
17,975,B09有色金属矿采选业,0.1110131810855507
17,977,C39计算机、通信和其他电子设备制造业,0.1313046935874331
18,2384,C39计算机、通信和其他电子设备制造业,1.0210268167017822
18,2594,C36汽车制造业,0.002729104674505
18,2920,C39计算机、通信和其他电子设备制造业,0.0035875831574383
18,300308,C39计算机、通信和其他电子设备制造业,1.0946150242108226
18,300316,C35专用设备制造业,0.0027697126532158
18,301,C26化学原料和化学制品制造业,0.0026532942617612
18,600029,G56航空运输业,0.0028342652095002
18,600183,C39计算机、通信和其他电子设备制造业,1.0946150242108226
18,600426,C26化学原料和化学制品制造业,0.0267106070731643
18,600522,C38电气机械和器材制造业,0.0028790179723032
18,600547,B09有色金属矿采选业,0.005547905645881
18,600570,I65软件和信息技术服务业,0.0028555819492672
18,601066,J67资本市场服务,0.0034509541433871
18,601100,C34通用设备制造业,0.0027616736191773
18,601166,J66货币金融服务,0.0026270518698685
18,601601,J68保险业,0.0028965958612127
18,601698,I63电信、广播电视和卫星传输服务,0.01805289382789
18,601872,G55水上运输业,1.0946150242108226
18,601881,J67资本市场服务,0.0026744232192687
18,601888,L72商务服务业,0.0065074608182295
18,601995,J67资本市场服务,0.0026174072038186
18,603799,C32有色金属冶炼和压延加工业,0.1470816931483099
18,603993,B09有色金属矿采选业,0.017332826482709
18,605117,C38电气机械和器材制造业,0.007562538746494
18,688082,C35专用设备制造业,0.0429665378551627
18,688169,C39计算机、通信和其他电子设备制造业,0.00384515187064
18,688187,C37铁路、船舶、航空航天和其他运输设备制造业,0.0028625161308551
18,792,C26化学原料和化学制品制造业,0.0048843597652502
18,975,B09有色金属矿采选业,0.1110131810855507
18,977,C39计算机、通信和其他电子设备制造业,0.1313046935874331
19,2001,C27医药制造业,0.0025306257555488
19,2252,C27医药制造业,0.0025593001124456
19,2384,C39计算机、通信和其他电子设备制造业,1.0210268167017822
19,300274,C38电气机械和器材制造业,0.0569830237279337
19,300308,C39计算机、通信和其他电子设备制造业,1.0946150242108226
19,300498,A03畜牧业,0.00258241738467
19,301,C26化学原料和化学制品制造业,0.0026532942617612
19,338,C36汽车制造业,0.0026478385316346
19,425,C35专用设备制造业,0.0026127638702707
19,600023,D44电力、热力生产和供应业,0.0025414640999184
19,600029,G56航空运输业,0.0028342652095002
19,600061,J67资本市场服务,0.0025597139480188
19,600183,C39计算机、通信和其他电子设备制造业,1.0946150242108226
19,600426,C26化学原料和化学制品制造业,0.0267106070731643
19,600436,C27医药制造业,0.0025861857903744
19,600570,I65软件和信息技术服务业,0.0028555819492672
19,601058,C29橡胶和塑料制品业,0.0026016322665322
19,601066,J67资本市场服务,0.0034509541433871
19,601100,C34通用设备制造业,0.0027616736191773
19,601166,J66货币金融服务,0.0026270518698685
19,601390,E48土木工程建筑业,0.002546989262202
19,601601,J68保险业,0.0028965958612127
19,601633,C36汽车制造业,0.0025277206810173
19,601698,I63电信、广播电视和卫星传输服务,0.01805289382789
19,601872,G55水上运输业,1.0946150242108226
19,603799,C32有色金属冶炼和压延加工业,0.1470816931483099
19,625,C36汽车制造业,0.00259958604191
19,688082,C35专用设备制造业,0.0429665378551627
19,876,C13农副食品加工业,0.002634572086134
19,975,B09有色金属矿采选业,0.1110131810855507
20,2352,G60邮政业,0.0026348237557344
20,2384,C39计算机、通信和其他电子设备制造业,1.0210268167017822
20,2475,C39计算机、通信和其他电子设备制造业,0.0190526405910756
20,2594,C36汽车制造业,0.002729104674505
20,2920,C39计算机、通信和其他电子设备制造业,0.0035875831574383
20,300015,Q84卫生,0.0026534099386199
20,300308,C39计算机、通信和其他电子设备制造业,1.0946150242108226
20,301,C26化学原料和化学制品制造业,0.0026532942617612
20,600029,G56航空运输业,0.0028342652095002
20,600183,C39计算机、通信和其他电子设备制造业,1.0946150242108226
20,600426,C26化学原料和化学制品制造业,0.0267106070731643
20,600570,I65软件和信息技术服务业,0.0028555819492672
20,601066,J67资本市场服务,0.0034509541433871
20,601100,C34通用设备制造业,0.0027616736191773
20,601601,J68保险业,0.0028965958612127
20,601698,I63电信、广播电视和卫星传输服务,0.01805289382789
20,601868,E48土木工程建筑业,0.0026065263391855
20,601872,G55水上运输业,1.0946150242108226
20,601888,L72商务服务业,0.0065074608182295
20,601995,J67资本市场服务,0.0026174072038186
20,603369,C15酒、饮料和精制茶制造业,0.002643763006555
20,603799,C32有色金属冶炼和压延加工业,0.1470816931483099
20,603993,B09有色金属矿采选业,0.017332826482709
20,605117,C38电气机械和器材制造业,0.007562538746494
20,688082,C35专用设备制造业,0.0429665378551627
20,688169,C39计算机、通信和其他电子设备制造业,0.00384515187064
20,688187,C37铁路、船舶、航空航天和其他运输设备制造业,0.0028625161308551
20,876,C13农副食品加工业,0.002634572086134
20,975,B09有色金属矿采选业,0.1110131810855507
20,977,C39计算机、通信和其他电子设备制造业,0.1313046935874331
21,2352,G60邮政业,0.0026348237557344
21,2384,C39计算机、通信和其他电子设备制造业,1.0210268167017822
21,2594,C36汽车制造业,0.002729104674505
21,2920,C39计算机、通信和其他电子设备制造业,0.0035875831574383
21,300308,C39计算机、通信和其他电子设备制造业,1.0946150242108226
21,300316,C35专用设备制造业,0.0027697126532158
21,301,C26化学原料和化学制品制造业,0.0026532942617612
21,600029,G56航空运输业,0.0028342652095002
21,600183,C39计算机、通信和其他电子设备制造业,1.0946150242108226
21,600426,C26化学原料和化学制品制造业,0.0267106070731643
21,600522,C38电气机械和器材制造业,0.0028790179723032
21,600547,B09有色金属矿采选业,0.005547905645881
21,600570,I65软件和信息技术服务业,0.0028555819492672
21,600999,J67资本市场服务,0.0025789263934442
21,601066,J67资本市场服务,0.0034509541433871
21,601100,C34通用设备制造业,0.0027616736191773
21,601601,J68保险业,0.0028965958612127
21,601698,I63电信、广播电视和卫星传输服务,0.01805289382789
21,601888,L72商务服务业,0.0065074608182295
21,601899,B09有色金属矿采选业,0.0027867168209052
21,603369,C15酒、饮料和精制茶制造业,0.002643763006555
21,603501,C39计算机、通信和其他电子设备制造业,0.0029912648341336
21,603799,C32有色金属冶炼和压延加工业,0.1470816931483099
21,603993,B09有色金属矿采选业,0.017332826482709
21,605117,C38电气机械和器材制造业,0.007562538746494
21,688082,C35专用设备制造业,0.0429665378551627
21,688187,C37铁路、船舶、航空航天和其他运输设备制造业,0.0028625161308551
21,876,C13农副食品加工业,0.002634572086134
21,975,B09有色金属矿采选业,0.1110131810855507
21,977,C39计算机、通信和其他电子设备制造业,0.1313046935874331
22,2352,G60邮政业,0.0026348237557344
22,2384,C39计算机、通信和其他电子设备制造业,1.0210268167017822
22,2594,C36汽车制造业,0.002729104674505
22,2920,C39计算机、通信和其他电子设备制造业,0.0035875831574383
22,300015,Q84卫生,0.0026534099386199
22,300308,C39计算机、通信和其他电子设备制造业,1.0946150242108226
22,301,C26化学原料和化学制品制造业,0.0026532942617612
22,600029,G56航空运输业,0.0028342652095002
22,600183,C39计算机、通信和其他电子设备制造业,1.0946150242108226
22,600426,C26化学原料和化学制品制造业,0.0267106070731643
22,600489,B09有色金属矿采选业,0.0279271849738293
22,600522,C38电气机械和器材制造业,0.0028790179723032
22,600570,I65软件和信息技术服务业,0.0028555819492672
22,601058,C29橡胶和塑料制品业,0.0026016322665322
22,601066,J67资本市场服务,0.0034509541433871
22,601100,C34通用设备制造业,0.0027616736191773
22,601601,J68保险业,0.0028965958612127
22,601698,I63电信、广播电视和卫星传输服务,0.01805289382789
22,601872,G55水上运输业,1.0946150242108226
22,601888,L72商务服务业,0.0065074608182295
22,603501,C39计算机、通信和其他电子设备制造业,0.0029912648341336
22,603799,C32有色金属冶炼和压延加工业,0.1470816931483099
22,603993,B09有色金属矿采选业,0.017332826482709
22,605117,C38电气机械和器材制造业,0.007562538746494
22,688082,C35专用设备制造业,0.0429665378551627
22,688169,C39计算机、通信和其他电子设备制造业,0.00384515187064
22,688187,C37铁路、船舶、航空航天和其他运输设备制造业,0.0028625161308551
22,876,C13农副食品加工业,0.002634572086134
22,975,B09有色金属矿采选业,0.1110131810855507
22,977,C39计算机、通信和其他电子设备制造业,0.1313046935874331
23,2352,G60邮政业,0.0026348237557344
23,2384,C39计算机、通信和其他电子设备制造业,1.0210268167017822
23,2594,C36汽车制造业,0.002729104674505
23,2920,C39计算机、通信和其他电子设备制造业,0.0035875831574383
23,300015,Q84卫生,0.0026534099386199
23,300308,C39计算机、通信和其他电子设备制造业,1.0946150242108226
23,301,C26化学原料和化学制品制造业,0.0026532942617612
23,338,C36汽车制造业,0.0026478385316346
23,600029,G56航空运输业,0.0028342652095002
23,600031,C35专用设备制造业,0.0026146211155203
23,600183,C39计算机、通信和其他电子设备制造业,1.0946150242108226
23,600426,C26化学原料和化学制品制造业,0.0267106070731643
23,600489,B09有色金属矿采选业,0.0279271849738293
23,600570,I65软件和信息技术服务业,0.0028555819492672
23,601066,J67资本市场服务,0.0034509541433871
23,601100,C34通用设备制造业,0.0027616736191773
23,601601,J68保险业,0.0028965958612127
23,601698,I63电信、广播电视和卫星传输服务,0.01805289382789
23,601872,G55水上运输业,1.0946150242108226
23,601888,L72商务服务业,0.0065074608182295
23,601899,B09有色金属矿采选业,0.0027867168209052
23,601995,J67资本市场服务,0.0026174072038186
23,603501,C39计算机、通信和其他电子设备制造业,0.0029912648341336
23,603799,C32有色金属冶炼和压延加工业,0.1470816931483099
23,603993,B09有色金属矿采选业,0.017332826482709
23,605117,C38电气机械和器材制造业,0.007562538746494
23,688082,C35专用设备制造业,0.0429665378551627
23,688169,C39计算机、通信和其他电子设备制造业,0.00384515187064
23,688187,C37铁路、船舶、航空航天和其他运输设备制造业,0.0028625161308551
23,975,B09有色金属矿采选业,0.1110131810855507
24,2371,C35专用设备制造业,0.0026160969408326
24,2384,C39计算机、通信和其他电子设备制造业,1.0210268167017822
24,2594,C36汽车制造业,0.002729104674505
24,300015,Q84卫生,0.0026534099386199
24,300308,C39计算机、通信和其他电子设备制造业,1.0946150242108226
24,301,C26化学原料和化学制品制造业,0.0026532942617612
24,600011,D44电力、热力生产和供应业,0.0025773681591846
24,600029,G56航空运输业,0.0028342652095002
24,600031,C35专用设备制造业,0.0026146211155203
24,600183,C39计算机、通信和其他电子设备制造业,1.0946150242108226
24,600426,C26化学原料和化学制品制造业,0.0267106070731643
24,600436,C27医药制造业,0.0025861857903744
24,600570,I65软件和信息技术服务业,0.0028555819492672
24,601058,C29橡胶和塑料制品业,0.0026016322665322
24,601066,J67资本市场服务,0.0034509541433871
24,601100,C34通用设备制造业,0.0027616736191773
24,601166,J66货币金融服务,0.0026270518698685
24,601601,J68保险业,0.0028965958612127
24,601698,I63电信、广播电视和卫星传输服务,0.01805289382789
24,601872,G55水上运输业,1.0946150242108226
24,601881,J67资本市场服务,0.0026744232192687
24,601888,L72商务服务业,0.0065074608182295
24,601995,J67资本市场服务,0.0026174072038186
24,603195,C38电气机械和器材制造业,0.0026060922782301
24,603799,C32有色金属冶炼和压延加工业,0.1470816931483099
24,603993,B09有色金属矿采选业,0.017332826482709
24,605117,C38电气机械和器材制造业,0.007562538746494
24,688082,C35专用设备制造业,0.0429665378551627
24,688187,C37铁路、船舶、航空航天和其他运输设备制造业,0.0028625161308551
24,975,B09有色金属矿采选业,0.1110131810855507
25,2352,G60邮政业,0.0026348237557344
25,2384,C39计算机、通信和其他电子设备制造业,1.0210268167017822
25,2475,C39计算机、通信和其他电子设备制造业,0.0190526405910756
25,2594,C36汽车制造业,0.002729104674505
25,2920,C39计算机、通信和其他电子设备制造业,0.0035875831574383
25,300308,C39计算机、通信和其他电子设备制造业,1.0946150242108226
25,300316,C35专用设备制造业,0.0027697126532158
25,301,C26化学原料和化学制品制造业,0.0026532942617612
25,568,C15酒、饮料和精制茶制造业,0.0025984409946686
25,600029,G56航空运输业,0.0028342652095002
25,600183,C39计算机、通信和其他电子设备制造业,1.0946150242108226
25,600426,C26化学原料和化学制品制造业,0.0267106070731643
25,600570,I65软件和信息技术服务业,0.0028555819492672
25,601066,J67资本市场服务,0.0034509541433871
25,601100,C34通用设备制造业,0.0027616736191773
25,601166,J66货币金融服务,0.0026270518698685
25,601601,J68保险业,0.0028965958612127
25,601698,I63电信、广播电视和卫星传输服务,0.01805289382789
25,601872,G55水上运输业,1.0946150242108226
25,601881,J67资本市场服务,0.0026744232192687
25,601888,L72商务服务业,0.0065074608182295
25,603799,C32有色金属冶炼和压延加工业,0.1470816931483099
25,603993,B09有色金属矿采选业,0.017332826482709
25,605117,C38电气机械和器材制造业,0.007562538746494
25,688082,C35专用设备制造业,0.0429665378551627
25,688169,C39计算机、通信和其他电子设备制造业,0.00384515187064
25,688187,C37铁路、船舶、航空航天和其他运输设备制造业,0.0028625161308551
25,975,B09有色金属矿采选业,0.1110131810855507
25,977,C39计算机、通信和其他电子设备制造业,0.1313046935874331
26,2384,C39计算机、通信和其他电子设备制造业,1.0210268167017822
26,2594,C36汽车制造业,0.002729104674505
26,2920,C39计算机、通信和其他电子设备制造业,0.0035875831574383
26,300015,Q84卫生,0.0026534099386199
26,300308,C39计算机、通信和其他电子设备制造业,1.0946150242108226
26,301,C26化学原料和化学制品制造业,0.0026532942617612
26,425,C35专用设备制造业,0.0026127638702707
26,600029,G56航空运输业,0.0028342652095002
26,600183,C39计算机、通信和其他电子设备制造业,1.0946150242108226
26,600426,C26化学原料和化学制品制造业,0.0267106070731643
26,600489,B09有色金属矿采选业,0.0279271849738293
26,600570,I65软件和信息技术服务业,0.0028555819492672
26,601066,J67资本市场服务,0.0034509541433871
26,601100,C34通用设备制造业,0.0027616736191773
26,601166,J66货币金融服务,0.0026270518698685
26,601601,J68保险业,0.0028965958612127
26,601698,I63电信、广播电视和卫星传输服务,0.01805289382789
26,601872,G55水上运输业,1.0946150242108226
26,601881,J67资本市场服务,0.0026744232192687
26,601888,L72商务服务业,0.0065074608182295
26,601995,J67资本市场服务,0.0026174072038186
26,603501,C39计算机、通信和其他电子设备制造业,0.0029912648341336
26,603799,C32有色金属冶炼和压延加工业,0.1470816931483099
26,603993,B09有色金属矿采选业,0.017332826482709
26,605117,C38电气机械和器材制造业,0.007562538746494
26,688082,C35专用设备制造业,0.0429665378551627
26,688169,C39计算机、通信和其他电子设备制造业,0.00384515187064
26,688187,C37铁路、船舶、航空航天和其他运输设备制造业,0.0028625161308551
26,876,C13农副食品加工业,0.002634572086134
26,975,B09有色金属矿采选业,0.1110131810855507
27,2594,C36汽车制造业,0.002729104674505
27,2920,C39计算机、通信和其他电子设备制造业,0.0035875831574383
27,300015,Q84卫生,0.0026534099386199
27,300308,C39计算机、通信和其他电子设备制造业,1.0946150242108226
27,301,C26化学原料和化学制品制造业,0.0026532942617612
27,425,C35专用设备制造业,0.0026127638702707
27,600029,G56航空运输业,0.0028342652095002
27,600183,C39计算机、通信和其他电子设备制造业,1.0946150242108226
27,600426,C26化学原料和化学制品制造业,0.0267106070731643
27,600522,C38电气机械和器材制造业,0.0028790179723032
27,600547,B09有色金属矿采选业,0.005547905645881
27,600570,I65软件和信息技术服务业,0.0028555819492672
27,601066,J67资本市场服务,0.0034509541433871
27,601100,C34通用设备制造业,0.0027616736191773
27,601601,J68保险业,0.0028965958612127
27,601698,I63电信、广播电视和卫星传输服务,0.01805289382789
27,601872,G55水上运输业,1.0946150242108226
27,601888,L72商务服务业,0.0065074608182295
27,601899,B09有色金属矿采选业,0.0027867168209052
27,603369,C15酒、饮料和精制茶制造业,0.002643763006555
27,603501,C39计算机、通信和其他电子设备制造业,0.0029912648341336
27,603799,C32有色金属冶炼和压延加工业,0.1470816931483099
27,603993,B09有色金属矿采选业,0.017332826482709
27,605117,C38电气机械和器材制造业,0.007562538746494
27,688082,C35专用设备制造业,0.0429665378551627
27,688169,C39计算机、通信和其他电子设备制造业,0.00384515187064
27,688187,C37铁路、船舶、航空航天和其他运输设备制造业,0.0028625161308551
27,876,C13农副食品加工业,0.002634572086134
27,975,B09有色金属矿采选业,0.1110131810855507
27,977,C39计算机、通信和其他电子设备制造业,0.1313046935874331
28,2594,C36汽车制造业,0.002729104674505
28,2920,C39计算机、通信和其他电子设备制造业,0.0035875831574383
28,300015,Q84卫生,0.0026534099386199
28,300308,C39计算机、通信和其他电子设备制造业,1.0946150242108226
28,301,C26化学原料和化学制品制造业,0.0026532942617612
28,425,C35专用设备制造业,0.0026127638702707
28,600029,G56航空运输业,0.0028342652095002
28,600183,C39计算机、通信和其他电子设备制造业,1.0946150242108226
28,600426,C26化学原料和化学制品制造业,0.0267106070731643
28,600570,I65软件和信息技术服务业,0.0028555819492672
28,601058,C29橡胶和塑料制品业,0.0026016322665322
28,601066,J67资本市场服务,0.0034509541433871
28,601100,C34通用设备制造业,0.0027616736191773
28,601166,J66货币金融服务,0.0026270518698685
28,601601,J68保险业,0.0028965958612127
28,601698,I63电信、广播电视和卫星传输服务,0.01805289382789
28,601868,E48土木工程建筑业,0.0026065263391855
28,601872,G55水上运输业,1.0946150242108226
28,601888,L72商务服务业,0.0065074608182295
28,601995,J67资本市场服务,0.0026174072038186
28,603799,C32有色金属冶炼和压延加工业,0.1470816931483099
28,603993,B09有色金属矿采选业,0.017332826482709
28,605117,C38电气机械和器材制造业,0.007562538746494
28,688082,C35专用设备制造业,0.0429665378551627
28,688169,C39计算机、通信和其他电子设备制造业,0.00384515187064
28,688187,C37铁路、船舶、航空航天和其他运输设备制造业,0.0028625161308551
28,792,C26化学原料和化学制品制造业,0.0048843597652502
28,876,C13农副食品加工业,0.002634572086134
28,975,B09有色金属矿采选业,0.1110131810855507
28,977,C39计算机、通信和其他电子设备制造业,0.1313046935874331
29,2384,C39计算机、通信和其他电子设备制造业,1.0210268167017822
29,2594,C36汽车制造业,0.002729104674505
29,2709,C39计算机、通信和其他电子设备制造业,0.0302498138581888
29,2920,C39计算机、通信和其他电子设备制造业,0.0035875831574383
29,300308,C39计算机、通信和其他电子设备制造业,1.0946150242108226
29,300316,C35专用设备制造业,0.0027697126532158
29,600029,G56航空运输业,0.0028342652095002
29,600183,C39计算机、通信和其他电子设备制造业,1.0946150242108226
29,600426,C26化学原料和化学制品制造业,0.0267106070731643
29,600489,B09有色金属矿采选业,0.0279271849738293
29,600522,C38电气机械和器材制造业,0.0028790179723032
29,600547,B09有色金属矿采选业,0.005547905645881
29,600570,I65软件和信息技术服务业,0.0028555819492672
29,601066,J67资本市场服务,0.0034509541433871
29,601100,C34通用设备制造业,0.0027616736191773
29,601601,J68保险业,0.0028965958612127
29,601698,I63电信、广播电视和卫星传输服务,0.01805289382789
29,601872,G55水上运输业,1.0946150242108226
29,601888,L72商务服务业,0.0065074608182295
29,601899,B09有色金属矿采选业,0.0027867168209052
29,603799,C32有色金属冶炼和压延加工业,0.1470816931483099
29,603993,B09有色金属矿采选业,0.017332826482709
29,605117,C38电气机械和器材制造业,0.007562538746494
29,688082,C35专用设备制造业,0.0429665378551627
29,688169,C39计算机、通信和其他电子设备制造业,0.00384515187064
29,688187,C37铁路、船舶、航空航天和其他运输设备制造业,0.0028625161308551
29,792,C26化学原料和化学制品制造业,0.0048843597652502
29,975,B09有色金属矿采选业,0.1110131810855507
29,977,C39计算机、通信和其他电子设备制造业,0.1313046935874331
30,2384,C39计算机、通信和其他电子设备制造业,1.0210268167017822
30,2475,C39计算机、通信和其他电子设备制造业,0.0190526405910756
30,2594,C36汽车制造业,0.002729104674505
30,2920,C39计算机、通信和其他电子设备制造业,0.0035875831574383
30,300015,Q84卫生,0.0026534099386199
30,300308,C39计算机、通信和其他电子设备制造业,1.0946150242108226
30,300896,C35专用设备制造业,0.0025804617640164
30,301,C26化学原料和化学制品制造业,0.0026532942617612
30,600029,G56航空运输业,0.0028342652095002
30,600183,C39计算机、通信和其他电子设备制造业,1.0946150242108226
30,600426,C26化学原料和化学制品制造业,0.0267106070731643
30,600522,C38电气机械和器材制造业,0.0028790179723032
30,600547,B09有色金属矿采选业,0.005547905645881
30,600570,I65软件和信息技术服务业,0.0028555819492672
30,601066,J67资本市场服务,0.0034509541433871
30,601100,C34通用设备制造业,0.0027616736191773
30,601601,J68保险业,0.0028965958612127
30,601698,I63电信、广播电视和卫星传输服务,0.01805289382789
30,601868,E48土木工程建筑业,0.0026065263391855
30,601872,G55水上运输业,1.0946150242108226
30,601881,J67资本市场服务,0.0026744232192687
30,601888,L72商务服务业,0.0065074608182295
30,603799,C32有色金属冶炼和压延加工业,0.1470816931483099
30,603993,B09有色金属矿采选业,0.017332826482709
30,605117,C38电气机械和器材制造业,0.007562538746494
30,688012,C35专用设备制造业,0.0026277032752949
30,688082,C35专用设备制造业,0.0429665378551627
30,688169,C39计算机、通信和其他电子设备制造业,0.00384515187064
30,688187,C37铁路、船舶、航空航天和其他运输设备制造业,0.0028625161308551
30,975,B09有色金属矿采选业,0.1110131810855507
31,2384,C39计算机、通信和其他电子设备制造业,1.0210268167017822
31,2594,C36汽车制造业,0.002729104674505
31,300015,Q84卫生,0.0026534099386199
31,300308,C39计算机、通信和其他电子设备制造业,1.0946150242108226
31,300759,M73研究和试验发展,0.0025770459669824
31,301,C26化学原料和化学制品制造业,0.0026532942617612
31,600011,D44电力、热力生产和供应业,0.0025773681591846
31,600029,G56航空运输业,0.0028342652095002
31,600183,C39计算机、通信和其他电子设备制造业,1.0946150242108226
31,600426,C26化学原料和化学制品制造业,0.0267106070731643
31,600436,C27医药制造业,0.0025861857903744
31,600570,I65软件和信息技术服务业,0.0028555819492672
31,600999,J67资本市场服务,0.0025789263934442
31,601058,C29橡胶和塑料制品业,0.0026016322665322
31,601066,J67资本市场服务,0.0034509541433871
31,601100,C34通用设备制造业,0.0027616736191773
31,601166,J66货币金融服务,0.0026270518698685
31,601601,J68保险业,0.0028965958612127
31,601698,I63电信、广播电视和卫星传输服务,0.01805289382789
31,601872,G55水上运输业,1.0946150242108226
31,601881,J67资本市场服务,0.0026744232192687
31,601888,L72商务服务业,0.0065074608182295
31,601995,J67资本市场服务,0.0026174072038186
31,603195,C38电气机械和器材制造业,0.0026060922782301
31,603799,C32有色金属冶炼和压延加工业,0.1470816931483099
31,603993,B09有色金属矿采选业,0.017332826482709
31,605117,C38电气机械和器材制造业,0.007562538746494
31,688082,C35专用设备制造业,0.0429665378551627
31,688187,C37铁路、船舶、航空航天和其他运输设备制造业,0.0028625161308551
31,975,B09有色金属矿采选业,0.1110131810855507
32,2384,C39计算机、通信和其他电子设备制造业,1.0210268167017822
32,2594,C36汽车制造业,0.002729104674505
32,2920,C39计算机、通信和其他电子设备制造业,0.0035875831574383
32,300308,C39计算机、通信和其他电子设备制造业,1.0946150242108226
32,301,C26化学原料和化学制品制造业,0.0026532942617612
32,338,C36汽车制造业,0.0026478385316346
32,600029,G56航空运输业,0.0028342652095002
32,600183,C39计算机、通信和其他电子设备制造业,1.0946150242108226
32,600426,C26化学原料和化学制品制造业,0.0267106070731643
32,600489,B09有色金属矿采选业,0.0279271849738293
32,600522,C38电气机械和器材制造业,0.0028790179723032
32,600547,B09有色金属矿采选业,0.005547905645881
32,600570,I65软件和信息技术服务业,0.0028555819492672
32,601066,J67资本市场服务,0.0034509541433871
32,601100,C34通用设备制造业,0.0027616736191773
32,601166,J66货币金融服务,0.0026270518698685
32,601601,J68保险业,0.0028965958612127
32,601698,I63电信、广播电视和卫星传输服务,0.01805289382789
32,601872,G55水上运输业,1.0946150242108226
32,601888,L72商务服务业,0.0065074608182295
32,601899,B09有色金属矿采选业,0.0027867168209052
32,603799,C32有色金属冶炼和压延加工业,0.1470816931483099
32,603993,B09有色金属矿采选业,0.017332826482709
32,605117,C38电气机械和器材制造业,0.007562538746494
32,688082,C35专用设备制造业,0.0429665378551627
32,688169,C39计算机、通信和其他电子设备制造业,0.00384515187064
32,688187,C37铁路、船舶、航空航天和其他运输设备制造业,0.0028625161308551
32,792,C26化学原料和化学制品制造业,0.0048843597652502
32,975,B09有色金属矿采选业,0.1110131810855507
32,977,C39计算机、通信和其他电子设备制造业,0.1313046935874331
33,2594,C36汽车制造业,0.002729104674505
33,2920,C39计算机、通信和其他电子设备制造业,0.0035875831574383
33,300015,Q84卫生,0.0026534099386199
33,300308,C39计算机、通信和其他电子设备制造业,1.0946150242108226
33,301,C26化学原料和化学制品制造业,0.0026532942617612
33,425,C35专用设备制造业,0.0026127638702707
33,600029,G56航空运输业,0.0028342652095002
33,600050,I63电信、广播电视和卫星传输服务,0.0026854527782193
33,600183,C39计算机、通信和其他电子设备制造业,1.0946150242108226
33,600426,C26化学原料和化学制品制造业,0.0267106070731643
33,600570,I65软件和信息技术服务业,0.0028555819492672
33,600809,C15酒、饮料和精制茶制造业,0.0026660359258754
33,601006,G53铁路运输业,0.0025890297096288
33,601058,C29橡胶和塑料制品业,0.0026016322665322
33,601066,J67资本市场服务,0.0034509541433871
33,601100,C34通用设备制造业,0.0027616736191773
33,601601,J68保险业,0.0028965958612127
33,601698,I63电信、广播电视和卫星传输服务,0.01805289382789
33,601868,E48土木工程建筑业,0.0026065263391855
33,601872,G55水上运输业,1.0946150242108226
33,601881,J67资本市场服务,0.0026744232192687
33,601888,L72商务服务业,0.0065074608182295
33,601998,J66货币金融服务,0.0025833164204717
33,603799,C32有色金属冶炼和压延加工业,0.1470816931483099
33,603993,B09有色金属矿采选业,0.017332826482709
33,605117,C38电气机械和器材制造业,0.007562538746494
33,688082,C35专用设备制造业,0.0429665378551627
33,688187,C37铁路、船舶、航空航天和其他运输设备制造业,0.0028625161308551
33,876,C13农副食品加工业,0.002634572086134
33,975,B09有色金属矿采选业,0.1110131810855507
34,2352,G60邮政业,0.0026348237557344
34,2384,C39计算机、通信和其他电子设备制造业,1.0210268167017822
34,2475,C39计算机、通信和其他电子设备制造业,0.0190526405910756
34,2594,C36汽车制造业,0.002729104674505
34,2920,C39计算机、通信和其他电子设备制造业,0.0035875831574383
34,300015,Q84卫生,0.0026534099386199
34,300308,C39计算机、通信和其他电子设备制造业,1.0946150242108226
34,301,C26化学原料和化学制品制造业,0.0026532942617612
34,338,C36汽车制造业,0.0026478385316346
34,600029,G56航空运输业,0.0028342652095002
34,600089,C38电气机械和器材制造业,0.0961793056367323
34,600183,C39计算机、通信和其他电子设备制造业,1.0946150242108226
34,600426,C26化学原料和化学制品制造业,0.0267106070731643
34,600570,I65软件和信息技术服务业,0.0028555819492672
34,601066,J67资本市场服务,0.0034509541433871
34,601100,C34通用设备制造业,0.0027616736191773
34,601166,J66货币金融服务,0.0026270518698685
34,601601,J68保险业,0.0028965958612127
34,601698,I63电信、广播电视和卫星传输服务,0.01805289382789
34,601872,G55水上运输业,1.0946150242108226
34,601888,L72商务服务业,0.0065074608182295
34,603799,C32有色金属冶炼和压延加工业,0.1470816931483099
34,603993,B09有色金属矿采选业,0.017332826482709
34,605117,C38电气机械和器材制造业,0.007562538746494
34,688082,C35专用设备制造业,0.0429665378551627
34,688169,C39计算机、通信和其他电子设备制造业,0.00384515187064
34,688187,C37铁路、船舶、航空航天和其他运输设备制造业,0.0028625161308551
34,975,B09有色金属矿采选业,0.1110131810855507
34,977,C39计算机、通信和其他电子设备制造业,0.1313046935874331
35,2384,C39计算机、通信和其他电子设备制造业,1.0210268167017822
35,2594,C36汽车制造业,0.002729104674505
35,2920,C39计算机、通信和其他电子设备制造业,0.0035875831574383
35,300015,Q84卫生,0.0026534099386199
35,300308,C39计算机、通信和其他电子设备制造业,1.0946150242108226
35,301,C26化学原料和化学制品制造业,0.0026532942617612
35,338,C36汽车制造业,0.0026478385316346
35,600029,G56航空运输业,0.0028342652095002
35,600183,C39计算机、通信和其他电子设备制造业,1.0946150242108226
35,600426,C26化学原料和化学制品制造业,0.0267106070731643
35,600489,B09有色金属矿采选业,0.0279271849738293
35,600522,C38电气机械和器材制造业,0.0028790179723032
35,600547,B09有色金属矿采选业,0.005547905645881
35,600570,I65软件和信息技术服务业,0.0028555819492672
35,601066,J67资本市场服务,0.0034509541433871
35,601100,C34通用设备制造业,0.0027616736191773
35,601166,J66货币金融服务,0.0026270518698685
35,601601,J68保险业,0.0028965958612127
35,601698,I63电信、广播电视和卫星传输服务,0.01805289382789
35,601888,L72商务服务业,0.0065074608182295
35,603369,C15酒、饮料和精制茶制造业,0.002643763006555
35,603501,C39计算机、通信和其他电子设备制造业,0.0029912648341336
35,603799,C32有色金属冶炼和压延加工业,0.1470816931483099
35,603993,B09有色金属矿采选业,0.017332826482709
35,605117,C38电气机械和器材制造业,0.007562538746494
35,688082,C35专用设备制造业,0.0429665378551627
35,688169,C39计算机、通信和其他电子设备制造业,0.00384515187064
35,688187,C37铁路、船舶、航空航天和其他运输设备制造业,0.0028625161308551
35,792,C26化学原料和化学制品制造业,0.0048843597652502
35,975,B09有色金属矿采选业,0.1110131810855507
36,1,J66货币金融服务,0.0025662925599654
36,2352,G60邮政业,0.0026348237557344
36,2384,C39计算机、通信和其他电子设备制造业,1.0210268167017822
36,2594,C36汽车制造业,0.002729104674505
36,2920,C39计算机、通信和其他电子设备制造业,0.0035875831574383
36,300015,Q84卫生,0.0026534099386199
36,300308,C39计算机、通信和其他电子设备制造业,1.0946150242108226
36,301,C26化学原料和化学制品制造业,0.0026532942617612
36,425,C35专用设备制造业,0.0026127638702707
36,600011,D44电力、热力生产和供应业,0.0025773681591846
36,600029,G56航空运输业,0.0028342652095002
36,600061,J67资本市场服务,0.0025597139480188
36,600183,C39计算机、通信和其他电子设备制造业,1.0946150242108226
36,600426,C26化学原料和化学制品制造业,0.0267106070731643
36,600436,C27医药制造业,0.0025861857903744
36,600570,I65软件和信息技术服务业,0.0028555819492672
36,601066,J67资本市场服务,0.0034509541433871
36,601100,C34通用设备制造业,0.0027616736191773
36,601601,J68保险业,0.0028965958612127
36,601698,I63电信、广播电视和卫星传输服务,0.01805289382789
36,601872,G55水上运输业,1.0946150242108226
36,601888,L72商务服务业,0.0065074608182295
36,603799,C32有色金属冶炼和压延加工业,0.1470816931483099
36,603993,B09有色金属矿采选业,0.017332826482709
36,605117,C38电气机械和器材制造业,0.007562538746494
36,688082,C35专用设备制造业,0.0429665378551627
36,688187,C37铁路、船舶、航空航天和其他运输设备制造业,0.0028625161308551
36,963,F52零售业,0.0026039623509512
36,975,B09有色金属矿采选业,0.1110131810855507
36,977,C39计算机、通信和其他电子设备制造业,0.1313046935874331
37,2384,C39计算机、通信和其他电子设备制造业,1.0210268167017822
37,2475,C39计算机、通信和其他电子设备制造业,0.0190526405910756
37,2594,C36汽车制造业,0.002729104674505
37,2920,C39计算机、通信和其他电子设备制造业,0.0035875831574383
37,300015,Q84卫生,0.0026534099386199
37,300308,C39计算机、通信和其他电子设备制造业,1.0946150242108226
37,301,C26化学原料和化学制品制造业,0.0026532942617612
37,600029,G56航空运输业,0.0028342652095002
37,600089,C38电气机械和器材制造业,0.0961793056367323
37,600161,C27医药制造业,0.002611338695513
37,600183,C39计算机、通信和其他电子设备制造业,1.0946150242108226
37,600426,C26化学原料和化学制品制造业,0.0267106070731643
37,600570,I65软件和信息技术服务业,0.0028555819492672
37,601066,J67资本市场服务,0.0034509541433871
37,601100,C34通用设备制造业,0.0027616736191773
37,601166,J66货币金融服务,0.0026270518698685
37,601601,J68保险业,0.0028965958612127
37,601698,I63电信、广播电视和卫星传输服务,0.01805289382789
37,601868,E48土木工程建筑业,0.0026065263391855
37,601872,G55水上运输业,1.0946150242108226
37,601888,L72商务服务业,0.0065074608182295
37,603799,C32有色金属冶炼和压延加工业,0.1470816931483099
37,603993,B09有色金属矿采选业,0.017332826482709
37,605117,C38电气机械和器材制造业,0.007562538746494
37,688082,C35专用设备制造业,0.0429665378551627
37,688169,C39计算机、通信和其他电子设备制造业,0.00384515187064
37,688187,C37铁路、船舶、航空航天和其他运输设备制造业,0.0028625161308551
37,975,B09有色金属矿采选业,0.1110131810855507
37,977,C39计算机、通信和其他电子设备制造业,0.1313046935874331
38,2352,G60邮政业,0.0026348237557344
38,2384,C39计算机、通信和其他电子设备制造业,1.0210268167017822
38,2475,C39计算机、通信和其他电子设备制造业,0.0190526405910756
38,2594,C36汽车制造业,0.002729104674505
38,2920,C39计算机、通信和其他电子设备制造业,0.0035875831574383
38,300015,Q84卫生,0.0026534099386199
38,300308,C39计算机、通信和其他电子设备制造业,1.0946150242108226
38,301,C26化学原料和化学制品制造业,0.0026532942617612
38,600029,G56航空运输业,0.0028342652095002
38,600031,C35专用设备制造业,0.0026146211155203
38,600183,C39计算机、通信和其他电子设备制造业,1.0946150242108226
38,600426,C26化学原料和化学制品制造业,0.0267106070731643
38,600547,B09有色金属矿采选业,0.005547905645881
38,600570,I65软件和信息技术服务业,0.0028555819492672
38,601066,J67资本市场服务,0.0034509541433871
38,601100,C34通用设备制造业,0.0027616736191773
38,601166,J66货币金融服务,0.0026270518698685
38,601601,J68保险业,0.0028965958612127
38,601698,I63电信、广播电视和卫星传输服务,0.01805289382789
38,601872,G55水上运输业,1.0946150242108226
38,601888,L72商务服务业,0.0065074608182295
38,601995,J67资本市场服务,0.0026174072038186
38,603799,C32有色金属冶炼和压延加工业,0.1470816931483099
38,605117,C38电气机械和器材制造业,0.007562538746494
38,688082,C35专用设备制造业,0.0429665378551627
38,688169,C39计算机、通信和其他电子设备制造业,0.00384515187064
38,688187,C37铁路、船舶、航空航天和其他运输设备制造业,0.0028625161308551
38,876,C13农副食品加工业,0.002634572086134
38,975,B09有色金属矿采选业,0.1110131810855507
38,977,C39计算机、通信和其他电子设备制造业,0.1313046935874331
39,2384,C39计算机、通信和其他电子设备制造业,1.0210268167017822
39,2594,C36汽车制造业,0.002729104674505
39,2920,C39计算机、通信和其他电子设备制造业,0.0035875831574383
39,300308,C39计算机、通信和其他电子设备制造业,1.0946150242108226
39,300316,C35专用设备制造业,0.0027697126532158
39,301,C26化学原料和化学制品制造业,0.0026532942617612
39,600029,G56航空运输业,0.0028342652095002
39,600161,C27医药制造业,0.002611338695513
39,600183,C39计算机、通信和其他电子设备制造业,1.0946150242108226
39,600426,C26化学原料和化学制品制造业,0.0267106070731643
39,600489,B09有色金属矿采选业,0.0279271849738293
39,600522,C38电气机械和器材制造业,0.0028790179723032
39,600570,I65软件和信息技术服务业,0.0028555819492672
39,601066,J67资本市场服务,0.0034509541433871
39,601100,C34通用设备制造业,0.0027616736191773
39,601166,J66货币金融服务,0.0026270518698685
39,601601,J68保险业,0.0028965958612127
39,601698,I63电信、广播电视和卫星传输服务,0.01805289382789
39,601872,G55水上运输业,1.0946150242108226
39,601881,J67资本市场服务,0.0026744232192687
39,601888,L72商务服务业,0.0065074608182295
39,603501,C39计算机、通信和其他电子设备制造业,0.0029912648341336
39,603799,C32有色金属冶炼和压延加工业,0.1470816931483099
39,603993,B09有色金属矿采选业,0.017332826482709
39,605117,C38电气机械和器材制造业,0.007562538746494
39,688082,C35专用设备制造业,0.0429665378551627
39,688169,C39计算机、通信和其他电子设备制造业,0.00384515187064
39,688187,C37铁路、船舶、航空航天和其他运输设备制造业,0.0028625161308551
39,975,B09有色金属矿采选业,0.1110131810855507
39,977,C39计算机、通信和其他电子设备制造业,0.1313046935874331
40,2352,G60邮政业,0.0026348237557344
40,2594,C36汽车制造业,0.002729104674505
40,300015,Q84卫生,0.0026534099386199
40,300308,C39计算机、通信和其他电子设备制造业,1.0946150242108226
40,301,C26化学原料和化学制品制造业,0.0026532942617612
40,338,C36汽车制造业,0.0026478385316346
40,425,C35专用设备制造业,0.0026127638702707
40,600029,G56航空运输业,0.0028342652095002
40,600183,C39计算机、通信和其他电子设备制造业,1.0946150242108226
40,600426,C26化学原料和化学制品制造业,0.0267106070731643
40,600570,I65软件和信息技术服务业,0.0028555819492672
40,600585,C30非金属矿物制品业,0.0025920254975059
40,600918,J67资本市场服务,0.0025937208183601
40,601058,C29橡胶和塑料制品业,0.0026016322665322
40,601066,J67资本市场服务,0.0034509541433871
40,601100,C34通用设备制造业,0.0027616736191773
40,601166,J66货币金融服务,0.0026270518698685
40,601601,J68保险业,0.0028965958612127
40,601698,I63电信、广播电视和卫星传输服务,0.01805289382789
40,601872,G55水上运输业,1.0946150242108226
40,601888,L72商务服务业,0.0065074608182295
40,601995,J67资本市场服务,0.0026174072038186
40,603369,C15酒、饮料和精制茶制造业,0.002643763006555
40,603799,C32有色金属冶炼和压延加工业,0.1470816931483099
40,603993,B09有色金属矿采选业,0.017332826482709
40,605117,C38电气机械和器材制造业,0.007562538746494
40,688187,C37铁路、船舶、航空航天和其他运输设备制造业,0.0028625161308551
40,876,C13农副食品加工业,0.002634572086134
40,975,B09有色金属矿采选业,0.1110131810855507
40,977,C39计算机、通信和其他电子设备制造业,0.1313046935874331
41,2352,G60邮政业,0.0026348237557344
41,2384,C39计算机、通信和其他电子设备制造业,1.0210268167017822
41,2475,C39计算机、通信和其他电子设备制造业,0.0190526405910756
41,2594,C36汽车制造业,0.002729104674505
41,2920,C39计算机、通信和其他电子设备制造业,0.0035875831574383
41,300015,Q84卫生,0.0026534099386199
41,300308,C39计算机、通信和其他电子设备制造业,1.0946150242108226
41,301,C26化学原料和化学制品制造业,0.0026532942617612
41,600029,G56航空运输业,0.0028342652095002
41,600183,C39计算机、通信和其他电子设备制造业,1.0946150242108226
41,600426,C26化学原料和化学制品制造业,0.0267106070731643
41,600570,I65软件和信息技术服务业,0.0028555819492672
41,601066,J67资本市场服务,0.0034509541433871
41,601100,C34通用设备制造业,0.0027616736191773
41,601166,J66货币金融服务,0.0026270518698685
41,601601,J68保险业,0.0028965958612127
41,601698,I63电信、广播电视和卫星传输服务,0.01805289382789
41,601872,G55水上运输业,1.0946150242108226
41,601888,L72商务服务业,0.0065074608182295
41,601995,J67资本市场服务,0.0026174072038186
41,603369,C15酒、饮料和精制茶制造业,0.002643763006555
41,603799,C32有色金属冶炼和压延加工业,0.1470816931483099
41,603993,B09有色金属矿采选业,0.017332826482709
41,605117,C38电气机械和器材制造业,0.007562538746494
41,688082,C35专用设备制造业,0.0429665378551627
41,688169,C39计算机、通信和其他电子设备制造业,0.00384515187064
41,688187,C37铁路、船舶、航空航天和其他运输设备制造业,0.0028625161308551
41,876,C13农副食品加工业,0.002634572086134
41,975,B09有色金属矿采选业,0.1110131810855507
41,977,C39计算机、通信和其他电子设备制造业,0.1313046935874331
42,2384,C39计算机、通信和其他电子设备制造业,1.0210268167017822
42,2594,C36汽车制造业,0.002729104674505
42,2920,C39计算机、通信和其他电子设备制造业,0.0035875831574383
42,300015,Q84卫生,0.0026534099386199
42,300122,C27医药制造业,0.0026392855132064
42,300308,C39计算机、通信和其他电子设备制造业,1.0946150242108226
42,301,C26化学原料和化学制品制造业,0.0026532942617612
42,425,C35专用设备制造业,0.0026127638702707
42,600029,G56航空运输业,0.0028342652095002
42,600183,C39计算机、通信和其他电子设备制造业,1.0946150242108226
42,600426,C26化学原料和化学制品制造业,0.0267106070731643
42,600570,I65软件和信息技术服务业,0.0028555819492672
42,601066,J67资本市场服务,0.0034509541433871
42,601100,C34通用设备制造业,0.0027616736191773
42,601166,J66货币金融服务,0.0026270518698685
42,601601,J68保险业,0.0028965958612127
42,601698,I63电信、广播电视和卫星传输服务,0.01805289382789
42,601868,E48土木工程建筑业,0.0026065263391855
42,601872,G55水上运输业,1.0946150242108226
42,601888,L72商务服务业,0.0065074608182295
42,601995,J67资本市场服务,0.0026174072038186
42,603799,C32有色金属冶炼和压延加工业,0.1470816931483099
42,603993,B09有色金属矿采选业,0.017332826482709
42,605117,C38电气机械和器材制造业,0.007562538746494
42,688082,C35专用设备制造业,0.0429665378551627
42,688169,C39计算机、通信和其他电子设备制造业,0.00384515187064
42,688187,C37铁路、船舶、航空航天和其他运输设备制造业,0.0028625161308551
42,876,C13农副食品加工业,0.002634572086134
42,975,B09有色金属矿采选业,0.1110131810855507
42,977,C39计算机、通信和其他电子设备制造业,0.1313046935874331
43,2352,G60邮政业,0.0026348237557344
43,2384,C39计算机、通信和其他电子设备制造业,1.0210268167017822
43,2475,C39计算机、通信和其他电子设备制造业,0.0190526405910756
43,2594,C36汽车制造业,0.002729104674505
43,2920,C39计算机、通信和其他电子设备制造业,0.0035875831574383
43,300015,Q84卫生,0.0026534099386199
43,300308,C39计算机、通信和其他电子设备制造业,1.0946150242108226
43,301,C26化学原料和化学制品制造业,0.0026532942617612
43,600029,G56航空运输业,0.0028342652095002
43,600183,C39计算机、通信和其他电子设备制造业,1.0946150242108226
43,600426,C26化学原料和化学制品制造业,0.0267106070731643
43,600547,B09有色金属矿采选业,0.005547905645881
43,600570,I65软件和信息技术服务业,0.0028555819492672
43,601066,J67资本市场服务,0.0034509541433871
43,601100,C34通用设备制造业,0.0027616736191773
43,601166,J66货币金融服务,0.0026270518698685
43,601601,J68保险业,0.0028965958612127
43,601698,I63电信、广播电视和卫星传输服务,0.01805289382789
43,601872,G55水上运输业,1.0946150242108226
43,601888,L72商务服务业,0.0065074608182295
43,603799,C32有色金属冶炼和压延加工业,0.1470816931483099
43,603993,B09有色金属矿采选业,0.017332826482709
43,605117,C38电气机械和器材制造业,0.007562538746494
43,688082,C35专用设备制造业,0.0429665378551627
43,688169,C39计算机、通信和其他电子设备制造业,0.00384515187064
43,688187,C37铁路、船舶、航空航天和其他运输设备制造业,0.0028625161308551
43,792,C26化学原料和化学制品制造业,0.0048843597652502
43,975,B09有色金属矿采选业,0.1110131810855507
43,977,C39计算机、通信和其他电子设备制造业,0.1313046935874331
44,2384,C39计算机、通信和其他电子设备制造业,1.0210268167017822
44,2594,C36汽车制造业,0.002729104674505
44,2920,C39计算机、通信和其他电子设备制造业,0.0035875831574383
44,300015,Q84卫生,0.0026534099386199
44,300308,C39计算机、通信和其他电子设备制造业,1.0946150242108226
44,301,C26化学原料和化学制品制造业,0.0026532942617612
44,425,C35专用设备制造业,0.0026127638702707
44,600029,G56航空运输业,0.0028342652095002
44,600183,C39计算机、通信和其他电子设备制造业,1.0946150242108226
44,600426,C26化学原料和化学制品制造业,0.0267106070731643
44,600522,C38电气机械和器材制造业,0.0028790179723032
44,600547,B09有色金属矿采选业,0.005547905645881
44,600570,I65软件和信息技术服务业,0.0028555819492672
44,601066,J67资本市场服务,0.0034509541433871
44,601100,C34通用设备制造业,0.0027616736191773
44,601601,J68保险业,0.0028965958612127
44,601698,I63电信、广播电视和卫星传输服务,0.01805289382789
44,601872,G55水上运输业,1.0946150242108226
44,601881,J67资本市场服务,0.0026744232192687
44,601888,L72商务服务业,0.0065074608182295
44,603369,C15酒、饮料和精制茶制造业,0.002643763006555
44,603501,C39计算机、通信和其他电子设备制造业,0.0029912648341336
44,603799,C32有色金属冶炼和压延加工业,0.1470816931483099
44,603993,B09有色金属矿采选业,0.017332826482709
44,605117,C38电气机械和器材制造业,0.007562538746494
44,688082,C35专用设备制造业,0.0429665378551627
44,688169,C39计算机、通信和其他电子设备制造业,0.00384515187064
44,688187,C37铁路、船舶、航空航天和其他运输设备制造业,0.0028625161308551
44,975,B09有色金属矿采选业,0.1110131810855507
44,977,C39计算机、通信和其他电子设备制造业,0.1313046935874331
45,2384,C39计算机、通信和其他电子设备制造业,1.0210268167017822
45,2475,C39计算机、通信和其他电子设备制造业,0.0190526405910756
45,2594,C36汽车制造业,0.002729104674505
45,2648,C26化学原料和化学制品制造业,0.0026142328524822
45,2920,C39计算机、通信和其他电子设备制造业,0.0035875831574383
45,300308,C39计算机、通信和其他电子设备制造业,1.0946150242108226
45,300316,C35专用设备制造业,0.0027697126532158
45,301,C26化学原料和化学制品制造业,0.0026532942617612
45,600029,G56航空运输业,0.0028342652095002
45,600183,C39计算机、通信和其他电子设备制造业,1.0946150242108226
45,600426,C26化学原料和化学制品制造业,0.0267106070731643
45,600522,C38电气机械和器材制造业,0.0028790179723032
45,600570,I65软件和信息技术服务业,0.0028555819492672
45,601066,J67资本市场服务,0.0034509541433871
45,601100,C34通用设备制造业,0.0027616736191773
45,601601,J68保险业,0.0028965958612127
45,601698,I63电信、广播电视和卫星传输服务,0.01805289382789
45,601872,G55水上运输业,1.0946150242108226
45,601881,J67资本市场服务,0.0026744232192687
45,601888,L72商务服务业,0.0065074608182295
45,603369,C15酒、饮料和精制茶制造业,0.002643763006555
45,603799,C32有色金属冶炼和压延加工业,0.1470816931483099
45,603993,B09有色金属矿采选业,0.017332826482709
45,605117,C38电气机械和器材制造业,0.007562538746494
45,688082,C35专用设备制造业,0.0429665378551627
45,688169,C39计算机、通信和其他电子设备制造业,0.00384515187064
45,688187,C37铁路、船舶、航空航天和其他运输设备制造业,0.0028625161308551
45,975,B09有色金属矿采选业,0.1110131810855507
45,977,C39计算机、通信和其他电子设备制造业,0.1313046935874331
